source_id,source_label,source_parent,level,citizen_category,display_name,rationale,provenance
L1-agua,Agua,"",1,Agua,Agua,"El agua que llega a tu llave, el drenaje y las plantas potabilizadoras.",hand
L1-transporte,Transporte público,"",1,Transporte público,Transporte público,"Metro, Metrobús, Cablebús, trolebús, tren ligero y RTP.",hand
L1-calles,Calles y banquetas,"",1,Calles y banquetas,Calles y banquetas,"Pavimento, bacheo, banquetas y mantenimiento vial.",hand
L1-basura,Basura y limpia,"",1,Basura y limpia,Basura y limpia,Recolección y tratamiento de residuos sólidos.,hand
L1-parques,Parques y espacios públicos,"",1,Parques y espacios públicos,Parques y espacios públicos,"Parques, plazas, arbolado urbano y espacios comunitarios.",hand
L1-seguridad,Seguridad,"",1,Seguridad,Seguridad,"Policía preventiva, C5, bomberos y protección civil.",hand
L1-justicia,Justicia,"",1,Justicia,Justicia,"Fiscalía, defensoría, sistema penitenciario y búsqueda de personas.",hand
L1-salud,Salud,"",1,Salud,Salud,"Hospitales, centros de salud y prevención.",hand
L1-educacion,Educación,"",1,Educación,Educación,"Escuelas, becas, infraestructura educativa y ciencia.",hand
L1-apoyos,Apoyos sociales,"",1,Apoyos sociales,Apoyos sociales,"Mi Beca, Pensión adultos mayores, Pilares, vivienda social.",hand
L1-cultura,Cultura y deporte,"",1,Cultura y deporte,Cultura y deporte,"Fomento cultural, museos, deporte comunitario.",hand
L1-medioambiente,Medio ambiente,"",1,Medio ambiente,Medio ambiente,"Bosques, suelo de conservación, Altépetl, Cosecha de Lluvia.",hand
L1-alumbrado,Alumbrado,"",1,Alumbrado,Alumbrado,Luminarias y alumbrado público.,hand
L1-gobierno,Gobierno y administración,"",1,Gobierno y administración,Gobierno y administración,"Recaudación, planeación, órganos autónomos y pensiones a trabajadores.",hand
L1-deuda,Deuda,"",1,Deuda,Deuda,Pago de intereses y amortización de deuda pública.,hand
L1-otros,Otros,"",1,Otros,Otros,Rubros no clasificables. Se declaran en la metodología.,hand
L2-S216,Apoyo para el impulso laboral de personas egresadas del Sistema de Justicia Penal de la Ciudad de México (Atención Prioritaria a Personas Liberadas en Situación de Vulnerabilidad),Justicia,2,Justicia,Apoyo para el impulso laboral de personas egresadas del Sistema de Justicia Penal de la Ciudad de México (Atención Prioritaria a Personas Liberadas en Situación de Vulnerabilidad),Se clasifica en Justicia por regla de palabra clave sobre el nombre del programa.,keyword
L2-E116,Programa Pilares,Educación,2,Educación,Programa Pilares,"Red de Puntos de Innovación, Libertad, Arte, Educación y Saberes.",explicit
L2-S109,Diálogos por el Bienestar y la Paz en Iztapalapa,Apoyos sociales,2,Apoyos sociales,Diálogos por el Bienestar y la Paz en Iztapalapa,Se clasifica en Apoyos sociales por fallback sobre desc_funcion ('Otros Asuntos Sociales').,funcion
L2-S206,"Formación musical, Tlalpan",Cultura y deporte,2,Cultura y deporte,"Formación musical, Tlalpan","Se clasifica en Cultura y deporte por fallback sobre desc_funcion ('Recreación, Cultura y Otras Manifestaciones Sociales').",funcion
L2-E099,Acciones jurídicas en materia laboral,Apoyos sociales,2,Apoyos sociales,Acciones jurídicas en materia laboral,"Se clasifica en Apoyos sociales por fallback sobre desc_funcion ('Asuntos Económicos, Comerciales y Laborales en General').",funcion
L2-E129,Provisión emergente de agua potable,Agua,2,Agua,Provisión emergente de agua potable,Se clasifica en Agua por regla de palabra clave sobre el nombre del programa.,keyword
L2-E138,Atención y prevención de la violencia intrafamiliar,Apoyos sociales,2,Apoyos sociales,Atención y prevención de la violencia intrafamiliar,Se clasifica en Apoyos sociales por fallback sobre desc_funcion ('Protección Social').,funcion
L2-E169,Prevención del Delito y Seguridad Ciudadana,Seguridad,2,Seguridad,Prevención del Delito y Seguridad Ciudadana,Operación de la policía preventiva de la SSC — la partida más grande de seguridad.,explicit
L2-F017,Programa de cultura física y eventos deportivos,Cultura y deporte,2,Cultura y deporte,Programa de cultura física y eventos deportivos,Se clasifica en Cultura y deporte por regla de palabra clave sobre el nombre del programa.,keyword
L2-P036,Planeación de políticas públicas enfocadas al desarrollo de los pueblos y barrios originarios y comunidades indígenas residentes,Apoyos sociales,2,Apoyos sociales,Planeación de políticas públicas enfocadas al desarrollo de los pueblos y barrios originarios y comunidades indígenas residentes,Se clasifica en Apoyos sociales por regla de palabra clave sobre el nombre del programa.,keyword
L2-E043,Policía auxiliar,Seguridad,2,Seguridad,Policía auxiliar,Se clasifica en Seguridad por regla de palabra clave sobre el nombre del programa.,keyword
L2-U014,Financiamiento y Promoción de Proyectos Culturales y Artísticos,Cultura y deporte,2,Cultura y deporte,Financiamiento de Proyectos Culturales,Apoyos a proyectos culturales y artísticos.,explicit
L2-S012,Colectivos Culturales Comunitarios Ciudad de México,Cultura y deporte,2,Cultura y deporte,Colectivos Culturales Comunitarios,Colectivos Culturales Comunitarios CDMX.,explicit
L2-E028,Operación del museo de arte popular,Cultura y deporte,2,Cultura y deporte,Operación del museo de arte popular,Se clasifica en Cultura y deporte por regla de palabra clave sobre el nombre del programa.,keyword
L2-S066,Centros para el Desarrollo Infantil,Apoyos sociales,2,Apoyos sociales,Centros para el Desarrollo Infantil,Centros para el desarrollo infantil.,explicit
L2-U045,Subsidios Ambientales,Medio ambiente,2,Medio ambiente,Subsidios Ambientales,Subsidios a proyectos ambientales.,explicit
L2-S084,Juntos hagamos deporte,Cultura y deporte,2,Cultura y deporte,Juntos hagamos deporte,Se clasifica en Cultura y deporte por regla de palabra clave sobre el nombre del programa.,keyword
L2-P019,Planeación de la política de turismo,Gobierno y administración,2,Gobierno y administración,Planeación de la política de turismo,Se clasifica en Gobierno y administración por regla de palabra clave sobre el nombre del programa.,keyword
L2-E019,Prevención y atención de la violencia contra las mujeres,Apoyos sociales,2,Apoyos sociales,Prevención y atención de la violencia contra las mujeres,Se clasifica en Apoyos sociales por regla de palabra clave sobre el nombre del programa.,keyword
L2-K006,Mejoramiento y mantenimiento de la infraestructura vial,Calles y banquetas,2,Calles y banquetas,Mejoramiento y mantenimiento de la infraestructura vial,Se clasifica en Calles y banquetas por fallback sobre desc_funcion ('Vivienda y Servicios a la Comunidad').,funcion
L2-S207,Cultivando arte en Tlalpan,Cultura y deporte,2,Cultura y deporte,Cultivando arte en Tlalpan,Se clasifica en Cultura y deporte por regla de palabra clave sobre el nombre del programa.,keyword
L2-K019,"Construcción, mantenimiento y operación de la infraestructura del sistema penitenciario",Justicia,2,Justicia,Construcción y Operación del Sistema Penitenciario,Obra e infraestructura penitenciaria.,explicit
L2-O010,Consejería y Asuntos Legales,Gobierno y administración,2,Gobierno y administración,Consejería y Asuntos Legales,Operación de la Consejería Jurídica y Servicios Legales.,explicit
L2-F012,Promoción y fomento de los derechos humanos de la adolescencia y la infancia,Justicia,2,Justicia,Promoción y fomento de los derechos humanos de la adolescencia y la infancia,Se clasifica en Justicia por fallback sobre desc_funcion ('Justicia').,funcion
L2-E079,Promoción y operación integral de la Orquesta Filarmónica de la Ciudad de México,Cultura y deporte,2,Cultura y deporte,Promoción y operación integral de la Orquesta Filarmónica de la Ciudad de México,"Se clasifica en Cultura y deporte por fallback sobre desc_funcion ('Recreación, Cultura y Otras Manifestaciones Sociales').",funcion
L2-U017,Apoyo a la formación de capital humano en educación y ciencia,Educación,2,Educación,Apoyo a la formación de capital humano en educación y ciencia,Se clasifica en Educación por regla de palabra clave sobre el nombre del programa.,keyword
L2-R001,Seguimiento a Recuperación de Cartera,Gobierno y administración,2,Gobierno y administración,Recuperación de Cartera,Seguimiento a la recuperación de cartera vencida.,explicit
L2-E057,Reinserción pos penitenciaria,Justicia,2,Justicia,Reinserción pos penitenciaria,Se clasifica en Justicia por regla de palabra clave sobre el nombre del programa.,keyword
L2-P007,Gobernabilidad y mejoramiento de los niveles de vida de los habitantes de la Ciudad de México,Gobierno y administración,2,Gobierno y administración,Gobernabilidad y mejoramiento de los niveles de vida de los habitantes de la Ciudad de México,Se clasifica en Gobierno y administración por fallback sobre desc_funcion ('Coordinación de la Política de Gobierno').,funcion
L2-E082,Regularización de la tenencia de la tierra,Gobierno y administración,2,Gobierno y administración,Regularización de la tenencia de la tierra,Se clasifica en Gobierno y administración por fallback sobre desc_funcion ('Otros Servicios Generales').,funcion
L2-E108,Ciudad segura y amigable para las mujeres y niñas,Apoyos sociales,2,Apoyos sociales,Ciudad segura y amigable para las mujeres y niñas,Se clasifica en Apoyos sociales por regla de palabra clave sobre el nombre del programa.,keyword
L2-S184,"Compañía de danza clásica, moderna y folclórica de la alcaldía Iztacalco",Cultura y deporte,2,Cultura y deporte,"Compañía de danza clásica, moderna y folclórica de la alcaldía Iztacalco",Se clasifica en Cultura y deporte por regla de palabra clave sobre el nombre del programa.,keyword
L2-S128,Defensoría de los derechos y apoyos económicos a niñas y niños de Tlalpan,Justicia,2,Justicia,Defensoría de los derechos y apoyos económicos a niñas y niños de Tlalpan,Se clasifica en Justicia por regla de palabra clave sobre el nombre del programa.,keyword
L2-U009,Otros subsidios,Calles y banquetas,2,Calles y banquetas,Otros subsidios,Se clasifica en Calles y banquetas por fallback sobre desc_funcion ('Vivienda y Servicios a la Comunidad').,funcion
L2-O006,Fiscalización a la gestión pública,Gobierno y administración,2,Gobierno y administración,Fiscalización Pública,Fiscalización a la gestión pública.,explicit
L2-P005,Calidad del Aire,Medio ambiente,2,Medio ambiente,Calidad del Aire,Monitoreo y mejora de la calidad del aire en el Valle de México.,explicit
L2-S092,Pongamos el ejemplo con deporte en Cuauhtémoc,Cultura y deporte,2,Cultura y deporte,Pongamos el ejemplo con deporte en Cuauhtémoc,Se clasifica en Cultura y deporte por regla de palabra clave sobre el nombre del programa.,keyword
L2-E146,"Protección y defensa de niñas, niños y adolescentes",Apoyos sociales,2,Apoyos sociales,"Protección y defensa de niñas, niños y adolescentes",Se clasifica en Apoyos sociales por regla de palabra clave sobre el nombre del programa.,keyword
L2-E158,Protección Integral de Personas Defensoras de Derechos Humanos y Periodistas,Seguridad,2,Seguridad,Protección a Defensores de Derechos Humanos y Periodistas,Mecanismo integral de protección a personas defensoras.,explicit
L2-E160,Servicio de Agua Potable,Agua,2,Agua,Servicio de Agua Potable,SACMEX — operación de la red de agua potable.,explicit
L2-O009,Profesionalización de Funcionarios Públicos e Investigación Aplicada a la Administración Pública,Gobierno y administración,2,Gobierno y administración,Profesionalización de Funcionarios,Profesionalización de funcionarios e investigación administrativa.,explicit
L2-S127,Mochila de Derechos,Cultura y deporte,2,Cultura y deporte,Mochila de Derechos,"Se clasifica en Cultura y deporte por fallback sobre desc_funcion ('Recreación, Cultura y Otras Manifestaciones Sociales').",funcion
L2-F006,"Financiamiento a microcréditos para el autoempleo, atención a las medianas y pequeñas empresas y comercialización de productos rurales",Apoyos sociales,2,Apoyos sociales,Microcréditos y Apoyo a MiPyMEs,Financiamiento a microcréditos y apoyo a pequeñas y medianas empresas.,explicit
L2-G017,"Vigilancia sanitaria en establecimientos, productos, actividades, servicios y personas",Salud,2,Salud,"Vigilancia sanitaria en establecimientos, productos, actividades, servicios y personas",Se clasifica en Salud por fallback sobre desc_funcion ('Salud').,funcion
L2-M002,Provisiones para Contingencias,Gobierno y administración,2,Gobierno y administración,Provisiones para Contingencias,Partida de provisiones presupuestales.,explicit
L2-E178,"Supervisión, Promoción y Defensoría Jurídica de los Derechos Laborales",Justicia,2,Justicia,Defensoría de Derechos Laborales,"Supervisión, promoción y defensoría de derechos laborales.",explicit
L2-U037,Fomento al Autoempleo y Sociedades Cooperativas,Apoyos sociales,2,Apoyos sociales,Autoempleo y Cooperativas,Fomento al autoempleo y sociedades cooperativas.,explicit
L2-S229,Apoyo para el Desarrollo Integral de la Mujer,Apoyos sociales,2,Apoyos sociales,Desarrollo Integral de la Mujer,Apoyo para el desarrollo integral de la mujer.,explicit
L2-S132,Apoyo Profesional a la Población en sus Tareas Educativas en las Bibliotecas Públicas,Educación,2,Educación,Apoyo Profesional a la Población en sus Tareas Educativas en las Bibliotecas Públicas,Se clasifica en Educación por fallback sobre desc_funcion ('Educación').,funcion
L2-S225,La Escuela Es Nuestra-Mejor Escuela,Educación,2,Educación,La Escuela Es Nuestra — Mejor Escuela,Recursos directos a comités escolares para mejoras.,explicit
L2-S079,Apoyo a unidades habitacionales,Calles y banquetas,2,Calles y banquetas,Apoyo a unidades habitacionales,Se clasifica en Calles y banquetas por fallback sobre desc_funcion ('Vivienda y Servicios a la Comunidad').,funcion
L2-E103,Acciones de gabinete de seguridad,Seguridad,2,Seguridad,Acciones de gabinete de seguridad,Se clasifica en Seguridad por fallback sobre desc_funcion ('Asuntos de Orden Público y de Seguridad Interior').,funcion
L2-U040,Apoyos para la Formación Policial,Seguridad,2,Seguridad,Formación Policial · Apoyos,Apoyos económicos para formación policial.,explicit
L2-E049,Producción y servicios fílmicos y cinematográficos,Gobierno y administración,2,Gobierno y administración,Producción y servicios fílmicos y cinematográficos,Se clasifica en Gobierno y administración por fallback sobre desc_funcion ('Otros Servicios Generales').,funcion
L2-G016,Control y regulación sanitaria,Gobierno y administración,2,Gobierno y administración,Control y regulación sanitaria,Se clasifica en Gobierno y administración por regla de palabra clave sobre el nombre del programa.,keyword
L2-K022,"Construcción, Ampliación y Mejoramiento de Infraestructura de Transporte Publico",Transporte público,2,Transporte público,Infraestructura de Transporte Público,"Obra mayor en transporte: Cablebús L3, ampliación Trolebús, modernización L1 Metro.",explicit
L2-E124,Programa integral de movilidad inteligente,Transporte público,2,Transporte público,Programa integral de movilidad inteligente,Se clasifica en Transporte público por regla de palabra clave sobre el nombre del programa.,keyword
L2-U010,Prevención de enfermedades y promoción a la Salud,Salud,2,Salud,Prevención de enfermedades y promoción a la Salud,Se clasifica en Salud por regla de palabra clave sobre el nombre del programa.,keyword
L2-E155,"Financiamiento, expropiaciones y gastos inherentes al programa vivienda en conjunto",Apoyos sociales,2,Apoyos sociales,"Financiamiento, expropiaciones y gastos inherentes al programa vivienda en conjunto",Se clasifica en Apoyos sociales por regla de palabra clave sobre el nombre del programa.,keyword
L2-G021,"Verificación, inspección y vigilancia ambiental",Medio ambiente,2,Medio ambiente,"Verificación, inspección y vigilancia ambiental",Se clasifica en Medio ambiente por regla de palabra clave sobre el nombre del programa.,keyword
L2-U036,Apoyo a la Producción y Servicios Fílmicos y Cinematográficos,Cultura y deporte,2,Cultura y deporte,Producción Fílmica,Apoyo a producción y servicios fílmicos.,explicit
L2-U022,"Acciones para mejorar el servicio de transporte público, así como la infraestructura asociada",Transporte público,2,Transporte público,Mejora del Transporte Público · Apoyos,Acciones y apoyos para mejorar transporte público e infraestructura asociada.,explicit
L2-E027,Fortalecimiento a la educación complementaria,Educación,2,Educación,Fortalecimiento a la educación complementaria,Se clasifica en Educación por regla de palabra clave sobre el nombre del programa.,keyword
L2-E021,Seguridad ciudadana en cuadrantes,Seguridad,2,Seguridad,Seguridad ciudadana en cuadrantes,Se clasifica en Seguridad por regla de palabra clave sobre el nombre del programa.,keyword
L2-O004,Integración de Servicios Tecnológicos e Informáticos,Gobierno y administración,2,Gobierno y administración,Tecnología Gubernamental,Integración de servicios tecnológicos e informáticos.,explicit
L2-S220,Atención Social Inmediata a Poblaciones Prioritarias (ASIPP),Apoyos sociales,2,Apoyos sociales,Atención Social Inmediata (ASIPP),Atención social inmediata a poblaciones prioritarias.,explicit
L2-P026,"Diseño, Coordinación y Operación de la Política Fiscal y Hacendaria",Gobierno y administración,2,Gobierno y administración,Política Fiscal y Hacendaria,Diseño y operación de la política fiscal.,explicit
L2-G023,Protección y regulación animal,Parques y espacios públicos,2,Parques y espacios públicos,Protección y regulación animal,Se clasifica en Parques y espacios públicos por regla de palabra clave sobre el nombre del programa.,keyword
L2-E113,Gestión integral de riesgos,Seguridad,2,Seguridad,Gestión integral de riesgos,Se clasifica en Seguridad por fallback sobre desc_funcion ('Asuntos de Orden Público y de Seguridad Interior').,funcion
L2-P049,Planeación y gestión del ordenamiento territorial y asentamientos humanos en alcaldías,Gobierno y administración,2,Gobierno y administración,Planeación y gestión del ordenamiento territorial y asentamientos humanos en alcaldías,Se clasifica en Gobierno y administración por regla de palabra clave sobre el nombre del programa.,keyword
L2-S036,Programa Altépetl,Medio ambiente,2,Medio ambiente,Altépetl Bienestar,Programa Altépetl — conservación del suelo de conservación y comunidades rurales.,explicit
L2-G074,"Regulación y Desarrollo del Sector Industrial, Comercial y de Servicio",Gobierno y administración,2,Gobierno y administración,Regulación Industrial y Comercial,"Regulación y desarrollo industrial, comercial y de servicio.",explicit
L2-E136,Operación de viveros,Medio ambiente,2,Medio ambiente,Operación de viveros,Se clasifica en Medio ambiente por fallback sobre desc_funcion ('Protección Ambiental').,funcion
L2-U018,Apoyo para la atención y prevención de las adicciones,Salud,2,Salud,Apoyo para la atención y prevención de las adicciones,Se clasifica en Salud por fallback sobre desc_funcion ('Salud').,funcion
L2-S100,"Participación, Arte y Cultura Incluyente",Cultura y deporte,2,Cultura y deporte,"Participación, Arte y Cultura Incluyente",Se clasifica en Cultura y deporte por regla de palabra clave sobre el nombre del programa.,keyword
L2-F008,"Promoción de la inversión, el desarrollo, competitividad e innovación de los sectores industrial, comercial y de servicios",Apoyos sociales,2,Apoyos sociales,"Promoción de la inversión, el desarrollo, competitividad e innovación de los sectores industrial, comercial y de servicios","Se clasifica en Apoyos sociales por fallback sobre desc_funcion ('Asuntos Económicos, Comerciales y Laborales en General').",funcion
L2-E180,Servicios de Educación Complementaria,Educación,2,Educación,Educación Complementaria,Servicios educativos complementarios.,explicit
L2-E183,"Atención y Prevención de la Violencia y Discriminación por Razones de Genero contra Mujeres, Adolescentes y Niñas",Apoyos sociales,2,Apoyos sociales,Prevención de la Violencia de Género,"Atención y prevención de violencia contra mujeres, adolescentes y niñas.",explicit
L2-E011,Fortalecimiento en materia jurídica,Gobierno y administración,2,Gobierno y administración,Fortalecimiento en materia jurídica,Se clasifica en Gobierno y administración por fallback sobre desc_funcion ('Otros Servicios Generales').,funcion
L2-S019,Estímulos económicos a deportistas destacados representativos de la Ciudad de México,Cultura y deporte,2,Cultura y deporte,Estímulos económicos a deportistas destacados representativos de la Ciudad de México,Se clasifica en Cultura y deporte por regla de palabra clave sobre el nombre del programa.,keyword
L2-S054,Seguro de desempleo,Apoyos sociales,2,Apoyos sociales,Seguro de Desempleo,Apoyo económico temporal a personas desempleadas.,explicit
L2-G073,Regulación del Desarrollo Urbano,Gobierno y administración,2,Gobierno y administración,Regulación Urbana,Regulación del desarrollo urbano.,explicit
L2-S007,Capacitación a la población joven ocupada y desocupada de la Ciudad de México,Apoyos sociales,2,Apoyos sociales,Capacitación a la población joven ocupada y desocupada de la Ciudad de México,"Se clasifica en Apoyos sociales por fallback sobre desc_funcion ('Asuntos Económicos, Comerciales y Laborales en General').",funcion
L2-S022,Fomento al Trabajo Digno,Apoyos sociales,2,Apoyos sociales,Fomento al Trabajo Digno,Apoyos para acceder a empleo formal.,explicit
L2-U041,"Convenios para la Mejora de la Educación, Ciencia, Tecnología e Innovación",Educación,2,Educación,"Convenios para Educación, Ciencia y Tecnología",Convenios con instituciones para mejora educativa.,explicit
L2-S102,Facilitadores culturales y deportivos,Cultura y deporte,2,Cultura y deporte,Facilitadores culturales y deportivos,Se clasifica en Cultura y deporte por regla de palabra clave sobre el nombre del programa.,keyword
L2-S010,Coinversión para la inclusión y el bienestar social,Apoyos sociales,2,Apoyos sociales,Coinversión Inclusión Social,Coinversión para inclusión y bienestar social.,explicit
L2-E109,Apoyo Integral a Victimas,Justicia,2,Justicia,Apoyo Integral a Víctimas,Atención y acompañamiento a víctimas del delito.,explicit
L2-S098,Apoyo Económico a Jefas de Familia para su Inclusión Laboral,Apoyos sociales,2,Apoyos sociales,Apoyo Económico a Jefas de Familia para su Inclusión Laboral,Se clasifica en Apoyos sociales por fallback sobre desc_funcion ('Protección Social').,funcion
L2-S140,"Prevención del delito, Tlalpan",Seguridad,2,Seguridad,"Prevención del delito, Tlalpan",Se clasifica en Seguridad por fallback sobre desc_funcion ('Asuntos de Orden Público y de Seguridad Interior').,funcion
L2-E177,Operación de Museos,Cultura y deporte,2,Cultura y deporte,Museos,Operación de museos de la ciudad.,explicit
L2-E111,Asesoramiento en materia jurídica,Gobierno y administración,2,Gobierno y administración,Asesoramiento en materia jurídica,Se clasifica en Gobierno y administración por fallback sobre desc_funcion ('Otros Servicios Generales').,funcion
L2-E022,"Cuidado y conservación de los bosques, áreas de valor ambiental y suelo de conservación",Medio ambiente,2,Medio ambiente,Cuidado de Bosques y Suelo de Conservación,"Conservación de bosques, áreas de valor ambiental y suelo de conservación.",explicit
L2-S149,Entrega de semillas y material vegetativo para fomentar la producción agrícola,Medio ambiente,2,Medio ambiente,Entrega de semillas y material vegetativo para fomentar la producción agrícola,"Se clasifica en Medio ambiente por fallback sobre desc_funcion ('Agropecuaria, Silvicultura, Pesca y Caza').",funcion
L2-O003,Inhibición y sanción de las prácticas de corrupción,Otros,2,Otros,Inhibición y sanción de las prácticas de corrupción,Se clasifica en Otros por fallback sobre desc_funcion ('Otras Industrias y Otros Asuntos Económicos').,funcion
L2-S212,Núcleos Urbanos de Bienestar Emocional (NUBE),Justicia,2,Justicia,Núcleos Urbanos de Bienestar Emocional (NUBE),Se clasifica en Justicia por fallback sobre desc_funcion ('Justicia').,funcion
L2-E120,Atención veterinaria en alcaldías,Medio ambiente,2,Medio ambiente,Atención veterinaria en alcaldías,Se clasifica en Medio ambiente por fallback sobre desc_funcion ('Protección Ambiental').,funcion
L2-E170,Profesionalización Policial,Seguridad,2,Seguridad,Profesionalización Policial,Capacitación y profesionalización de la policía.,explicit
L2-E199,Conciliación Laboral,Justicia,2,Justicia,Conciliación Laboral,Centro de Conciliación Laboral de la CDMX.,explicit
L2-U035,"Programa para la reconstrucción, rehabilitación de viviendas y otras previsiones",Apoyos sociales,2,Apoyos sociales,"Programa para la reconstrucción, rehabilitación de viviendas y otras previsiones",Se clasifica en Apoyos sociales por regla de palabra clave sobre el nombre del programa.,keyword
L2-S208,"Cultivando paz, arte y cultura en Tlalpan",Cultura y deporte,2,Cultura y deporte,"Cultivando paz, arte y cultura en Tlalpan",Se clasifica en Cultura y deporte por regla de palabra clave sobre el nombre del programa.,keyword
L2-E007,Prevención del Delito,Seguridad,2,Seguridad,Prevención del Delito,Se clasifica en Seguridad por fallback sobre desc_funcion ('Asuntos de Orden Público y de Seguridad Interior').,funcion
L2-E193,"Actividades Culturales, Recreativas y Deportivas Para Jóvenes",Cultura y deporte,2,Cultura y deporte,Actividades Juveniles,"Actividades culturales, recreativas y deportivas para jóvenes.",explicit
L2-E189,Servicios de Salud en Alcaldías,Salud,2,Salud,Servicios de Salud en Alcaldías,Servicios médicos prestados en alcaldías.,explicit
L2-S013,Comedores sociales de la Ciudad de México,Apoyos sociales,2,Apoyos sociales,Comedores sociales de la Ciudad de México,Se clasifica en Apoyos sociales por fallback sobre desc_funcion ('Protección Social').,funcion
L2-S027,Mejoramiento de la Vivienda,Apoyos sociales,2,Apoyos sociales,Mejoramiento de la Vivienda,INVI — mejora de vivienda existente.,explicit
L2-E077,Servicios de imprenta de la Ciudad de México,Gobierno y administración,2,Gobierno y administración,Imprenta de la Ciudad de México,Servicios de imprenta.,explicit
L2-E098,Supervisión y promoción de los derechos laborales,Apoyos sociales,2,Apoyos sociales,Supervisión y promoción de los derechos laborales,"Se clasifica en Apoyos sociales por fallback sobre desc_funcion ('Asuntos Económicos, Comerciales y Laborales en General').",funcion
L2-S196,Operación de los centros de atención y cuidado infantil de la alcaldía de Coyoacán,Apoyos sociales,2,Apoyos sociales,Operación de los centros de atención y cuidado infantil de la alcaldía de Coyoacán,Se clasifica en Apoyos sociales por fallback sobre desc_funcion ('Protección Social').,funcion
L2-S200,Cultivando Raíces de Identidad,Apoyos sociales,2,Apoyos sociales,Cultivando Raíces de Identidad,Se clasifica en Apoyos sociales por fallback sobre desc_funcion ('Protección Social').,funcion
L2-K002,Construcción y mejoramiento de la infraestructura educativa,Educación,2,Educación,Construcción y mejoramiento de la infraestructura educativa,Se clasifica en Educación por fallback sobre desc_funcion ('Educación').,funcion
L2-K015,Construcción de infraestructura pública,Calles y banquetas,2,Calles y banquetas,Construcción de infraestructura pública,Se clasifica en Calles y banquetas por fallback sobre desc_funcion ('Vivienda y Servicios a la Comunidad').,funcion
L2-S209,Servidores de la educación,Educación,2,Educación,Servidores de la educación,Se clasifica en Educación por regla de palabra clave sobre el nombre del programa.,keyword
L2-E125,Acciones para proyectos ambientales,Medio ambiente,2,Medio ambiente,Acciones para proyectos ambientales,Se clasifica en Medio ambiente por regla de palabra clave sobre el nombre del programa.,keyword
L2-E067,Operación del Sistema para la Seguridad de las Construcciones de la Ciudad de México,Calles y banquetas,2,Calles y banquetas,Seguridad de las Construcciones,Operación del sistema para la seguridad estructural de edificaciones.,explicit
L2-R003,Ministración para óganos autónomos y de gobierno,Gobierno y administración,2,Gobierno y administración,Órganos Autónomos y de Gobierno,"Ministración a Congreso, Tribunal, IECM, InfoCDMX y otros órganos autónomos.",explicit
L2-S014,Comida para los CAI's,Apoyos sociales,2,Apoyos sociales,Comida para los CAI's,Se clasifica en Apoyos sociales por fallback sobre desc_funcion ('Protección Social').,funcion
L2-E165,Servicios Especiales para Personas con Discapacidad,Apoyos sociales,2,Apoyos sociales,Atención a Personas con Discapacidad,Servicios especiales para personas con discapacidad.,explicit
L2-E083,Valuación de los bienes inmuebles,Gobierno y administración,2,Gobierno y administración,Valuación de los bienes inmuebles,Se clasifica en Gobierno y administración por fallback sobre desc_funcion ('Otros Servicios Generales').,funcion
L2-S139,Apoyo al desarrollo agropecuario sustentable,Medio ambiente,2,Medio ambiente,Apoyo al desarrollo agropecuario sustentable,Se clasifica en Medio ambiente por fallback sobre desc_funcion ('Protección Ambiental').,funcion
L2-E053,Protección ciudadana orden público y paz social,Seguridad,2,Seguridad,Protección ciudadana orden público y paz social,Se clasifica en Seguridad por fallback sobre desc_funcion ('Asuntos de Orden Público y de Seguridad Interior').,funcion
L2-S053,Rescate innovador y participativo en unidades habitacionales,Apoyos sociales,2,Apoyos sociales,Rescate de Unidades Habitacionales,Rehabilitación en unidades habitacionales.,explicit
L2-E048,Producción de Contenido Cultural y Artístico,Cultura y deporte,2,Cultura y deporte,Contenido Cultural y Artístico,Producción de contenido cultural.,explicit
L2-S232,Ayudas para la Comunidad LGBTTTIQ+,Apoyos sociales,2,Apoyos sociales,Ayudas Comunidad LGBTTTIQ+,Apoyos a personas de la comunidad LGBTTTIQ+.,explicit
L2-G009,Dictaminación de las estructuras organizacionales,Seguridad,2,Seguridad,Dictaminación de las estructuras organizacionales,Se clasifica en Seguridad por fallback sobre desc_funcion ('Asuntos de Orden Público y de Seguridad Interior').,funcion
L2-K012,"Rehabilitación, Equipamiento y Construcción de Infraestructura Educativa",Educación,2,Educación,Infraestructura Educativa,"Rehabilitación, equipamiento y construcción de escuelas.",explicit
L2-S042,Programa para el fortalecimiento y apoyo a las comunidades indígenas,Apoyos sociales,2,Apoyos sociales,Programa para el fortalecimiento y apoyo a las comunidades indígenas,Se clasifica en Apoyos sociales por regla de palabra clave sobre el nombre del programa.,keyword
L2-U002,"Agua potable, drenaje y saneamiento",Agua,2,Agua,"Agua potable, drenaje y saneamiento",Se clasifica en Agua por regla de palabra clave sobre el nombre del programa.,keyword
L2-F029,Financiamiento a las MIPYMES,Apoyos sociales,2,Apoyos sociales,Financiamiento a las MIPYMES,"Se clasifica en Apoyos sociales por fallback sobre desc_funcion ('Asuntos Económicos, Comerciales y Laborales en General').",funcion
L2-M001,Actividades de apoyo administrativo,Gobierno y administración,2,Gobierno y administración,Apoyo Administrativo,Actividades de apoyo administrativo — overhead del gobierno.,explicit
L2-S055,"Seguro contra accidentes personales de escolares, va segur@",Educación,2,Educación,"Seguro contra accidentes personales de escolares, va segur@",Se clasifica en Educación por fallback sobre desc_funcion ('Educación').,funcion
L2-U046,Ayudas por Afectaciones de Obra Pública,Apoyos sociales,2,Apoyos sociales,Ayudas por Afectaciones de Obra Pública,Compensaciones por afectaciones de obra.,explicit
L2-E104,Profesionalización y evaluación del servidor público para el buen gobierno,Educación,2,Educación,Profesionalización y evaluación del servidor público para el buen gobierno,Se clasifica en Educación por fallback sobre desc_funcion ('Educación').,funcion
L2-S035,Programa alimentos escolares,Educación,2,Educación,Alimentos Escolares,Programa de alimentos escolares — DIF.,explicit
L2-F005,Desarrollo y Promoción de Productos y Proyectos Turísticos Sustentables,Otros,2,Otros,Promoción Turística,Desarrollo y promoción de productos turísticos sustentables.,explicit
L2-P025,"Planeación, elaboración y seguimiento de la política de desarrollo económico",Gobierno y administración,2,Gobierno y administración,"Planeación, elaboración y seguimiento de la política de desarrollo económico",Se clasifica en Gobierno y administración por regla de palabra clave sobre el nombre del programa.,keyword
L2-S151,Programa de apoyo a personas con Discapacidad,Apoyos sociales,2,Apoyos sociales,Programa de apoyo a personas con Discapacidad,Se clasifica en Apoyos sociales por fallback sobre desc_funcion ('Otros Asuntos Sociales').,funcion
L2-S095,Apoyo económico para el combate al rezago educativo de las infancias indígenas,Apoyos sociales,2,Apoyos sociales,Apoyo económico para el combate al rezago educativo de las infancias indígenas,Se clasifica en Apoyos sociales por regla de palabra clave sobre el nombre del programa.,keyword
L2-S025,Los Jóvenes Unen al Barrio,Apoyos sociales,2,Apoyos sociales,Los Jóvenes Unen al Barrio,Apoyo a jóvenes en barrios vulnerables.,explicit
L2-S227,"Bienestar para Niñas y Niños, Mi Beca para Empezar",Educación,2,Educación,Mi Beca para Empezar,Apoyo universal a estudiantes de escuelas públicas de educación básica.,explicit
L2-S185,Escuelas de música de la alcaldía Iztacalco,Educación,2,Educación,Escuelas de música de la alcaldía Iztacalco,Se clasifica en Educación por regla de palabra clave sobre el nombre del programa.,keyword
L2-F014,Promoción y fomento de las sociedades cooperativas,Apoyos sociales,2,Apoyos sociales,Promoción y fomento de las sociedades cooperativas,Se clasifica en Apoyos sociales por fallback sobre desc_funcion ('Otros Asuntos Sociales').,funcion
L2-E110,Atención telefónica sobre servicios de no emergencia,Seguridad,2,Seguridad,Atención telefónica sobre servicios de no emergencia,Se clasifica en Seguridad por regla de palabra clave sobre el nombre del programa.,keyword
L2-K007,Sistema de transporte público Cablebús,Transporte público,2,Transporte público,Sistema de transporte público Cablebús,Se clasifica en Transporte público por regla de palabra clave sobre el nombre del programa.,keyword
L2-E184,"Servicio de Drenaje, Alcantarillado y Saneamiento",Agua,2,Agua,"Drenaje, Alcantarillado y Saneamiento",SACMEX — operación del drenaje profundo y saneamiento.,explicit
L2-E073,Operación del museo del estanquillo,Cultura y deporte,2,Cultura y deporte,Operación del museo del estanquillo,Se clasifica en Cultura y deporte por regla de palabra clave sobre el nombre del programa.,keyword
L2-G014,Regulación y registro de establecimientos mercantiles en materia económica,Gobierno y administración,2,Gobierno y administración,Regulación y registro de establecimientos mercantiles en materia económica,Se clasifica en Gobierno y administración por regla de palabra clave sobre el nombre del programa.,keyword
L2-E066,Servicios de Salud del Primer Nivel,Salud,2,Salud,Servicios de Salud del Primer Nivel,Centros de salud comunitarios — atención primaria.,explicit
L2-S223,"Otorgamiento de Ayudas Sociales para Pueblos, Barrios y Comunidades Indígenas Residentes",Apoyos sociales,2,Apoyos sociales,Pueblos y Comunidades Indígenas,Ayudas sociales para pueblos y comunidades indígenas residentes.,explicit
L2-U048,Apoyos sociales,Apoyos sociales,2,Apoyos sociales,Apoyos Sociales,Apoyos sociales complementarios.,explicit
L2-S134,Huellas: Sembrando Compañía en Comunidad,Apoyos sociales,2,Apoyos sociales,Huellas: Sembrando Compañía en Comunidad,Se clasifica en Apoyos sociales por regla de palabra clave sobre el nombre del programa.,keyword
L2-O001,Actividades de apoyo a la función pública y buen gobierno,Transporte público,2,Transporte público,Actividades de apoyo a la función pública y buen gobierno,Se clasifica en Transporte público por fallback sobre desc_funcion ('Transporte').,funcion
L2-E095,Fortalecimiento para el acceso a posgrados e investigación,Educación,2,Educación,Fortalecimiento para el acceso a posgrados e investigación,Se clasifica en Educación por fallback sobre desc_funcion ('Educación').,funcion
L2-S224,Beca Pilares Bienestar,Educación,2,Educación,Beca Pilares Bienestar,Becas para participantes en Pilares.,explicit
L2-F023,Promoción y difusión de acciones de gobierno,Gobierno y administración,2,Gobierno y administración,Promoción y difusión de acciones de gobierno,Se clasifica en Gobierno y administración por fallback sobre desc_funcion ('Otros Servicios Generales').,funcion
L2-U021,Programa de atención a personas vulnerables,Apoyos sociales,2,Apoyos sociales,Programa de atención a personas vulnerables,Se clasifica en Apoyos sociales por regla de palabra clave sobre el nombre del programa.,keyword
L2-S037,Programa atención a personas con discapacidad en unidades básicas de rehabilitación,Apoyos sociales,2,Apoyos sociales,Programa atención a personas con discapacidad en unidades básicas de rehabilitación,Se clasifica en Apoyos sociales por fallback sobre desc_funcion ('Protección Social').,funcion
L2-P020,Planeación y Seguimiento de la Política Gubernamental,Gobierno y administración,2,Gobierno y administración,Planeación Gubernamental,Planeación y seguimiento de la política gubernamental.,explicit
L2-E191,Fortalecimiento de Acciones para el Bienestar Social,Apoyos sociales,2,Apoyos sociales,Fortalecimiento del Bienestar Social,Acciones complementarias de política social.,explicit
L2-S093,Apoyo económico para el reconocimiento de las personas cuidadoras,Apoyos sociales,2,Apoyos sociales,Apoyo económico para el reconocimiento de las personas cuidadoras,Se clasifica en Apoyos sociales por fallback sobre desc_funcion ('Protección Social').,funcion
L2-E020,Centros de atención LUNAS,Justicia,2,Justicia,Centros de atención LUNAS,Se clasifica en Justicia por fallback sobre desc_funcion ('Justicia').,funcion
L2-S211,Atención a menores y madres en situación de vulnerabilidad,Apoyos sociales,2,Apoyos sociales,Atención a menores y madres en situación de vulnerabilidad,Se clasifica en Apoyos sociales por regla de palabra clave sobre el nombre del programa.,keyword
L2-E200,Gobierno y seguridad en alcaldías,Gobierno y administración,2,Gobierno y administración,Gobierno y Seguridad en Alcaldías,Gobierno y seguridad a cargo de las alcaldías.,explicit
L2-P044,Acciones para la integración del transporte público,Transporte público,2,Transporte público,Acciones para la integración del transporte público,Se clasifica en Transporte público por regla de palabra clave sobre el nombre del programa.,keyword
L2-F018,Vinculación y fortalecimiento de la cultura y las artes,Cultura y deporte,2,Cultura y deporte,Vinculación y fortalecimiento de la cultura y las artes,Se clasifica en Cultura y deporte por regla de palabra clave sobre el nombre del programa.,keyword
L2-U020,Programa de atención a menores vulnerables,Apoyos sociales,2,Apoyos sociales,Programa de atención a menores vulnerables,Se clasifica en Apoyos sociales por regla de palabra clave sobre el nombre del programa.,keyword
L2-E144,Apoyo integral para mujeres embarazadas y madres en situación de vulnerabilidad,Apoyos sociales,2,Apoyos sociales,Apoyo integral para mujeres embarazadas y madres en situación de vulnerabilidad,Se clasifica en Apoyos sociales por regla de palabra clave sobre el nombre del programa.,keyword
L2-E152,Promoción de autocuidado y envejecimiento digno de las personas mayores y grupos de atención prioritaria,Apoyos sociales,2,Apoyos sociales,Promoción de autocuidado y envejecimiento digno de las personas mayores y grupos de atención prioritaria,Se clasifica en Apoyos sociales por fallback sobre desc_funcion ('Protección Social').,funcion
L2-E006,Acciones para proyectos ambientales,Medio ambiente,2,Medio ambiente,Proyectos Ambientales,Acciones para proyectos ambientales diversos.,explicit
L2-E166,Servicios Asistenciales a Personas Vulnerables,Apoyos sociales,2,Apoyos sociales,Asistencia a Personas Vulnerables,Servicios asistenciales a personas en situación vulnerable.,explicit
L2-E127,Prevención y control de enfermedades,Salud,2,Salud,Prevención y control de enfermedades,Se clasifica en Salud por regla de palabra clave sobre el nombre del programa.,keyword
L2-E080,Profesionalización de servidores públicos e investigación aplicada para la buena administración,Educación,2,Educación,Profesionalización de servidores públicos e investigación aplicada para la buena administración,Se clasifica en Educación por fallback sobre desc_funcion ('Educación').,funcion
L2-E137,Operación de centros de desarrollo infantil,Educación,2,Educación,Operación de centros de desarrollo infantil,Se clasifica en Educación por fallback sobre desc_funcion ('Educación').,funcion
L2-E187,Servicios Públicos,Calles y banquetas,2,Calles y banquetas,Servicios Públicos,Mantenimiento urbano integral en alcaldías.,explicit
L2-E002,Acciones de fortalecimiento para la procuración de justicia,Justicia,2,Justicia,Acciones de fortalecimiento para la procuración de justicia,Se clasifica en Justicia por regla de palabra clave sobre el nombre del programa.,keyword
L2-S180,Programa de desarrollo turístico PRODETUR,Otros,2,Otros,Programa de desarrollo turístico PRODETUR,Se clasifica en Otros por fallback sobre desc_funcion ('Turismo').,funcion
L2-E157,Atención y Orientación Telefónica sobre Trámites y Servicios,Gobierno y administración,2,Gobierno y administración,Atención Telefónica · Trámites,Atención y orientación telefónica sobre trámites.,explicit
L2-S186,Programa de apoyo integral a la mujer para la equidad (PAIME),Apoyos sociales,2,Apoyos sociales,Programa de apoyo integral a la mujer para la equidad (PAIME),Se clasifica en Apoyos sociales por regla de palabra clave sobre el nombre del programa.,keyword
L2-E086,Fortalecimiento a la Educación Media Superior,Educación,2,Educación,Educación Media Superior,Instituto de Educación Media Superior — preparatorias.,explicit
L2-P031,"Planeación, Seguimiento y Evaluación a Políticas Públicas para el Desarrollo de las Personas con Discapacidad",Apoyos sociales,2,Apoyos sociales,Políticas · Personas con Discapacidad,Planeación para personas con discapacidad.,explicit
L2-K001,Construcción y mejoramiento de la infraestructura de salud,Salud,2,Salud,Construcción y mejoramiento de la infraestructura de salud,Se clasifica en Salud por regla de palabra clave sobre el nombre del programa.,keyword
L2-S005,Atención Prioritaria a Personas Egresadas del Sistema de Justicia Penal,Justicia,2,Justicia,Personas Egresadas del Sistema Penal · Apoyos,Atención prioritaria a personas egresadas del sistema penal.,explicit
L2-K021,"Construcción, Ampliación y Mejoramiento de Infraestructura y Edificios Públicos",Gobierno y administración,2,Gobierno y administración,Construcción y Mejora de Edificios Públicos,Obra en edificios de gobierno.,explicit
L2-E046,Prevención y atención de la discriminación,Justicia,2,Justicia,Prevención y atención de la discriminación,Se clasifica en Justicia por fallback sobre desc_funcion ('Justicia').,funcion
L2-E088,Operación y mantenimiento de la red de transporte de pasajeros (RTP),Transporte público,2,Transporte público,Operación y mantenimiento de la red de transporte de pasajeros (RTP),Se clasifica en Transporte público por fallback sobre desc_funcion ('Transporte').,funcion
L2-S008,Ciberescuelas en PILARES,Educación,2,Educación,Ciberescuelas en PILARES,Se clasifica en Educación por regla de palabra clave sobre el nombre del programa.,keyword
L2-S018,"Estímulos económicos a las asociaciones deportivas que participan en la olimpiada, paralimpiada y nacional juvenil",Basura y limpia,2,Basura y limpia,"Estímulos económicos a las asociaciones deportivas que participan en la olimpiada, paralimpiada y nacional juvenil",Se clasifica en Basura y limpia por regla de palabra clave sobre el nombre del programa.,keyword
L2-S026,Mejor escuela,Educación,2,Educación,Mejor escuela,Se clasifica en Educación por regla de palabra clave sobre el nombre del programa.,keyword
L2-G077,"Regulación Sanitaria en Establecimientos, Productos, Actividades, Servicios y Personas",Salud,2,Salud,Regulación Sanitaria,COEPRIS — regulación sanitaria en establecimientos.,explicit
L2-E159,Educación y Divulgación Ambiental,Medio ambiente,2,Medio ambiente,Educación y Divulgación Ambiental,Campañas y programas de educación ambiental.,explicit
L2-E097,"Acciones de Búsqueda, Localización e Identificación de Personas",Justicia,2,Justicia,Búsqueda de Personas,Comisión de Búsqueda — localización e identificación de personas.,explicit
L2-E119,Fortalecimiento en materia jurídica,Gobierno y administración,2,Gobierno y administración,Fortalecimiento en materia jurídica,Se clasifica en Gobierno y administración por fallback sobre desc_funcion ('Coordinación de la Política de Gobierno').,funcion
L2-U019,"SÍ al desarme, sí a la paz",Seguridad,2,Seguridad,"Sí al Desarme, Sí a la Paz",Programa de desarme voluntario.,explicit
L2-E148,Entre la Calle y el Hogar,Calles y banquetas,2,Calles y banquetas,Entre la Calle y el Hogar,Se clasifica en Calles y banquetas por regla de palabra clave sobre el nombre del programa.,keyword
L2-S235,Apoyos para el Cuidado del Adulto Mayor,Apoyos sociales,2,Apoyos sociales,Cuidado del Adulto Mayor,Apoyos para cuidadores de adultos mayores.,explicit
L2-E078,Atención Médica de Urgencias,Salud,2,Salud,Atención Médica de Urgencias,Se clasifica en Salud por regla de palabra clave sobre el nombre del programa.,keyword
L2-P017,Acciones para la transversalización del enfoque de derechos humanos,Apoyos sociales,2,Apoyos sociales,Enfoque de Derechos Humanos,Transversalización del enfoque de derechos humanos.,explicit
L2-E101,"Atención Integral en espacios de refugio a mujeres, hijas e hijos en situación de violencia extrema y promover el ejercicio de sus derechos",Apoyos sociales,2,Apoyos sociales,"Atención Integral en espacios de refugio a mujeres, hijas e hijos en situación de violencia extrema y promover el ejercicio de sus derechos",Se clasifica en Apoyos sociales por regla de palabra clave sobre el nombre del programa.,keyword
L2-E123,Manejo integral de residuos sólidos urbanos en alcaldías,Basura y limpia,2,Basura y limpia,Manejo integral de residuos sólidos urbanos en alcaldías,Se clasifica en Basura y limpia por regla de palabra clave sobre el nombre del programa.,keyword
L2-R002,Presupuesto Participativo,Apoyos sociales,2,Apoyos sociales,Presupuesto Participativo,Recursos ejercidos por decisión vecinal.,explicit
L2-E061,"Salud materna, sexual y reproductiva",Salud,2,Salud,"Salud materna, sexual y reproductiva",Se clasifica en Salud por regla de palabra clave sobre el nombre del programa.,keyword
L2-E063,Seguridad procesal,Educación,2,Educación,Seguridad procesal,Se clasifica en Educación por fallback sobre desc_funcion ('Educación').,funcion
L2-P003,"Planeación, Seguimiento y Evaluación A Políticas Públicas",Gobierno y administración,2,Gobierno y administración,Evaluación de Políticas Públicas,"Planeación, seguimiento y evaluación.",explicit
L2-F022,"Desarrollo, promoción y posicionamiento de la Ciudad de México y su marca CDMX",Otros,2,Otros,Marca CDMX,Promoción y posicionamiento de la Marca CDMX.,explicit
L2-E014,Atención a personas adultas privadas de su libertad y en procedimiento legal,Justicia,2,Justicia,Atención a personas adultas privadas de su libertad y en procedimiento legal,Se clasifica en Justicia por fallback sobre desc_funcion ('Justicia').,funcion
L2-E025,Formación continua para policías preventivos,Seguridad,2,Seguridad,Formación continua para policías preventivos,Se clasifica en Seguridad por regla de palabra clave sobre el nombre del programa.,keyword
L2-S101,Apoyo económico para la atención emergente en materia de salud de las personas trans,Salud,2,Salud,Apoyo económico para la atención emergente en materia de salud de las personas trans,Se clasifica en Salud por regla de palabra clave sobre el nombre del programa.,keyword
L2-E087,Fortalecimiento a la educación básica,Educación,2,Educación,Fortalecimiento a la educación básica,Se clasifica en Educación por regla de palabra clave sobre el nombre del programa.,keyword
L2-K018,Rehabilitación y mejoramiento de los mercados públicos de la Ciudad de México,Apoyos sociales,2,Apoyos sociales,Rehabilitación y mejoramiento de los mercados públicos de la Ciudad de México,"Se clasifica en Apoyos sociales por fallback sobre desc_funcion ('Asuntos Económicos, Comerciales y Laborales en General').",funcion
L2-K016,Rehabilitación y mantenimiento de infraestructura pública,Calles y banquetas,2,Calles y banquetas,Rehabilitación y mantenimiento de infraestructura pública,Se clasifica en Calles y banquetas por fallback sobre desc_funcion ('Vivienda y Servicios a la Comunidad').,funcion
L2-U038,Apoyos para Promover la Igualdad y No Discriminación,Apoyos sociales,2,Apoyos sociales,Igualdad y No Discriminación,Apoyos para promover igualdad y no discriminación.,explicit
L2-E181,Fortalecimiento para el Acceso a la Educación Superior y Posgrados,Educación,2,Educación,Educación Superior y Posgrados,Universidad Rosario Castellanos y apoyos a educación superior.,explicit
L2-E197,"Ponte Pila, Deporte Comunitario para el Bienestar",Cultura y deporte,2,Cultura y deporte,Ponte Pila · Deporte Comunitario,Deporte comunitario — Ponte Pila.,explicit
L2-S234,Programa de Apoyo para el Bienestar Familiar,Apoyos sociales,2,Apoyos sociales,Apoyo para el Bienestar Familiar,Programa de apoyo directo a familias.,explicit
L2-E190,Servicios de Atención Animal,Parques y espacios públicos,2,Parques y espacios públicos,Atención Animal,Servicios y clínicas de atención animal.,explicit
L2-S056,Apoyo a mujeres en situación de violencia de género,Apoyos sociales,2,Apoyos sociales,Mujeres en Situación de Violencia,Apoyo a mujeres en situación de violencia de género.,explicit
L2-S061,Vivienda en Conjunto,Apoyos sociales,2,Apoyos sociales,Vivienda en Conjunto,INVI — vivienda social nueva.,explicit
L2-F037,"Turismo, Empleo y Fomento Económico",Otros,2,Otros,"Turismo, Empleo y Fomento Económico","Programa de turismo, empleo y fomento económico.",explicit
L2-F024,"Acciones de educación, prevención y atención de políticas de seguridad vial",Educación,2,Educación,"Acciones de educación, prevención y atención de políticas de seguridad vial",Se clasifica en Educación por regla de palabra clave sobre el nombre del programa.,keyword
L2-E195,"Prestaciones Sociales a Jubilados, Pensionados y Personal Activo",Gobierno y administración,2,Gobierno y administración,Prestaciones a Jubilados y Personal Activo,Prestaciones sociales a jubilados y personal activo.,explicit
L2-E126,Producción de contenido cultural y artístico en alcaldías,Cultura y deporte,2,Cultura y deporte,Producción de contenido cultural y artístico en alcaldías,Se clasifica en Cultura y deporte por regla de palabra clave sobre el nombre del programa.,keyword
L2-S226,Beca Leona Vicario,Educación,2,Educación,Beca Leona Vicario,Beca para estudiantes en situación de vulnerabilidad.,explicit
L2-K010,"Construcción, mantenimiento y ampliación de edificios públicos",Calles y banquetas,2,Calles y banquetas,"Construcción, mantenimiento y ampliación de edificios públicos","Se clasifica en Calles y banquetas por fallback sobre desc_funcion ('Minería, Manufacturas y Construcción').",funcion
L2-P052,"Dictámenes, lineamientos y coordinación de programas, estrategias y proyectos del Gobierno de la Ciudad de México",Gobierno y administración,2,Gobierno y administración,"Dictámenes, lineamientos y coordinación de programas, estrategias y proyectos del Gobierno de la Ciudad de México",Se clasifica en Gobierno y administración por fallback sobre desc_funcion ('Coordinación de la Política de Gobierno').,funcion
L2-N005,"Gestión Integral de Riesgos, Atención a Siniestros, Emergencias y Desastres",Seguridad,2,Seguridad,Gestión de Riesgos y Emergencias,"Atención a siniestros, desastres y protección civil.",explicit
L2-E003,"Acciones de Obras y Servicios para la Recuperación, Promoción y Protección del Centro Histórico",Cultura y deporte,2,Cultura y deporte,Centro Histórico · Obras y Servicios,Obras de recuperación y conservación del Centro Histórico.,explicit
L2-B001,Producción y Comercialización de Mezclas Asfálticas,Calles y banquetas,2,Calles y banquetas,Producción de Mezclas Asfálticas,Planta de Mezclas Asfálticas — insumo para el bacheo de la ciudad.,explicit
L2-S047,"Programa mejoramiento barrial y comunitario, Tequio Barrio",Apoyos sociales,2,Apoyos sociales,Mejoramiento Barrial — Tequio Barrio,Obras comunitarias priorizadas por vecinos.,explicit
L2-E198,Servicios de Cuidado Infantil,Apoyos sociales,2,Apoyos sociales,Cuidado Infantil,CACIS — servicios de cuidado infantil.,explicit
L2-E102,Profesionalización de servidores públicos de la salud,Salud,2,Salud,Profesionalización de servidores públicos de la salud,Se clasifica en Salud por regla de palabra clave sobre el nombre del programa.,keyword
L2-F031,"Organización de eventos cívicos, festividades patrias y tradiciones",Cultura y deporte,2,Cultura y deporte,"Organización de eventos cívicos, festividades patrias y tradiciones","Se clasifica en Cultura y deporte por fallback sobre desc_funcion ('Recreación, Cultura y Otras Manifestaciones Sociales').",funcion
L2-U029,Cuidados Alternativos,Apoyos sociales,2,Apoyos sociales,Cuidados Alternativos,Se clasifica en Apoyos sociales por fallback sobre desc_funcion ('Protección Social').,funcion
L2-K020,"Construcción, Ampliación y Mejoramiento de Infraestructura Urbana",Calles y banquetas,2,Calles y banquetas,Construcción de Infraestructura Urbana,Obra urbana de SOBSE — vialidades y espacio público.,explicit
L2-S103,Ayuda económica y bienestar integral para personas adultas mayores de 60 a 64 años que residen en Iztapalapa,Apoyos sociales,2,Apoyos sociales,Ayuda económica y bienestar integral para personas adultas mayores de 60 a 64 años que residen en Iztapalapa,Se clasifica en Apoyos sociales por fallback sobre desc_funcion ('Protección Social').,funcion
L2-S137,Cultivando comunidad con la participación ciudadana,Apoyos sociales,2,Apoyos sociales,Cultivando comunidad con la participación ciudadana,Se clasifica en Apoyos sociales por regla de palabra clave sobre el nombre del programa.,keyword
L2-E145,Aprende y crea diferente,Educación,2,Educación,Aprende y crea diferente,Se clasifica en Educación por fallback sobre desc_funcion ('Educación').,funcion
L2-F026,"Fomento sanitario en establecimientos, productos, actividades, servicios y personas",Salud,2,Salud,"Fomento sanitario en establecimientos, productos, actividades, servicios y personas",Se clasifica en Salud por fallback sobre desc_funcion ('Salud').,funcion
L2-E174,Prevención de Enfermedades y Promoción a la Salud para el Bienestar,Salud,2,Salud,Prevención de Enfermedades,Programas de prevención y promoción de la salud para el bienestar.,explicit
L2-K005,Mejoramiento y mantenimiento de la infraestructura urbana,Calles y banquetas,2,Calles y banquetas,Mejoramiento y mantenimiento de la infraestructura urbana,Se clasifica en Calles y banquetas por regla de palabra clave sobre el nombre del programa.,keyword
L2-S030,Programa apoyo económico a policías y bomberos pensionados de la CAPREPOL con discapacidad permanente,Seguridad,2,Seguridad,Programa apoyo económico a policías y bomberos pensionados de la CAPREPOL con discapacidad permanente,Se clasifica en Seguridad por regla de palabra clave sobre el nombre del programa.,keyword
L2-S221,Comedores para el Bienestar,Apoyos sociales,2,Apoyos sociales,Comedores para el Bienestar,Red de comedores comunitarios y públicos.,explicit
L2-E112,Operación y promoción de movilidad sustentable,Transporte público,2,Transporte público,Operación y promoción de movilidad sustentable,Se clasifica en Transporte público por regla de palabra clave sobre el nombre del programa.,keyword
L2-P048,"Planeación, seguimiento y evaluación a políticas públicas en alcaldías",Gobierno y administración,2,Gobierno y administración,"Planeación, seguimiento y evaluación a políticas públicas en alcaldías",Se clasifica en Gobierno y administración por regla de palabra clave sobre el nombre del programa.,keyword
L2-K004,Infraestructura de transporte público,Transporte público,2,Transporte público,Infraestructura de transporte público,Se clasifica en Transporte público por regla de palabra clave sobre el nombre del programa.,keyword
L2-E094,Fortalecimiento para el acceso a la educación superior,Educación,2,Educación,Fortalecimiento para el acceso a la educación superior,Se clasifica en Educación por regla de palabra clave sobre el nombre del programa.,keyword
L2-E194,Atención a Personas Sujetas al Sistema Integral de Justicia para Adolescentes,Justicia,2,Justicia,Sistema Integral de Justicia para Adolescentes,Atención de adolescentes en conflicto con la ley.,explicit
L2-E065,Servicio Integral de Operación y Atención a Emergencias,Seguridad,2,Seguridad,Emergencias · Atención Integral,Servicio Integral de Operación y Atención a Emergencias.,explicit
L2-F003,"Convenios en materia de educación, innovación, ciencia y tecnología",Educación,2,Educación,"Convenios en materia de educación, innovación, ciencia y tecnología",Se clasifica en Educación por regla de palabra clave sobre el nombre del programa.,keyword
L2-E153,Programa para la Formación de Profesionales de la Salud,Salud,2,Salud,Formación de Profesionales de la Salud,Universidad de la Salud y formación médica.,explicit
L2-O008,Seguimiento a la Política de Legalidad,Gobierno y administración,2,Gobierno y administración,Seguimiento a la Legalidad,Seguimiento a la política de legalidad.,explicit
L2-S205,"Prevención del embarazo adolescente, Tlalpan",Salud,2,Salud,"Prevención del embarazo adolescente, Tlalpan",Se clasifica en Salud por fallback sobre desc_funcion ('Salud').,funcion
L2-S029,"Ponte pila, deporte comunitario",Cultura y deporte,2,Cultura y deporte,"Ponte pila, deporte comunitario",Se clasifica en Cultura y deporte por regla de palabra clave sobre el nombre del programa.,keyword
L2-P004,Promoción integral para el cumplimiento de los derechos de la niñez y de la adolescencia,Apoyos sociales,2,Apoyos sociales,Promoción integral para el cumplimiento de los derechos de la niñez y de la adolescencia,Se clasifica en Apoyos sociales por fallback sobre desc_funcion ('Protección Social').,funcion
L2-E114,Atención y seguimiento especial a grupos vulnerables víctimas de la violencia,Apoyos sociales,2,Apoyos sociales,Atención y seguimiento especial a grupos vulnerables víctimas de la violencia,Se clasifica en Apoyos sociales por regla de palabra clave sobre el nombre del programa.,keyword
L2-E107,Conservación y operación de zoológicos,Parques y espacios públicos,2,Parques y espacios públicos,Zoológicos,Conservación y operación de zoológicos.,explicit
L2-E075,Gestión y operación del museo de historia natural y cultura ambiental,Medio ambiente,2,Medio ambiente,Gestión y operación del museo de historia natural y cultura ambiental,Se clasifica en Medio ambiente por regla de palabra clave sobre el nombre del programa.,keyword
L2-G018,"Gestión y regulación de sistemas de movilidad y transporte, y estacionamientos",Transporte público,2,Transporte público,"Gestión y regulación de sistemas de movilidad y transporte, y estacionamientos",Se clasifica en Transporte público por regla de palabra clave sobre el nombre del programa.,keyword
L2-O002,Impulso a la transparencia y rendición de cuentas,Gobierno y administración,2,Gobierno y administración,Impulso a la transparencia y rendición de cuentas,Se clasifica en Gobierno y administración por fallback sobre desc_funcion ('Asuntos Financieros y Hacendarios').,funcion
L2-S064,Desarrollo integral de las Personas con Discapacidad,Apoyos sociales,2,Apoyos sociales,Desarrollo integral de las Personas con Discapacidad,Se clasifica en Apoyos sociales por fallback sobre desc_funcion ('Protección Social').,funcion
L2-G005,Regulación de Corredores de Transporte Público y Centros de Transferencia Modal,Transporte público,2,Transporte público,Regulación de Transporte Público y CETRAM,Regulación de corredores y centros de transferencia modal.,explicit
L2-E084,Servicios Integrales Metropolitanos,Transporte público,2,Transporte público,Servicios Integrales Metropolitanos,Coordinación con Edomex en transporte metropolitano.,explicit
L2-S004,Apoyos para el desarrollo integral de los jóvenes,Apoyos sociales,2,Apoyos sociales,Desarrollo Integral de Jóvenes,Programa de desarrollo juvenil.,explicit
L2-E017,Atención Médica a Personas Privadas de su Libertad y en Procedimiento Legal,Justicia,2,Justicia,Atención Médica a Personas Privadas de Libertad,Servicios médicos dentro del sistema penitenciario.,explicit
L2-E167,Servicios Integrales de Movilidad Pública y Privada,Transporte público,2,Transporte público,Movilidad Pública y Privada,"Servicios integrales de movilidad — taxis, apps, concesionarios.",explicit
L2-S117,El Gobierno de los Pueblos en Apoyo a Universitarios,Apoyos sociales,2,Apoyos sociales,El Gobierno de los Pueblos en Apoyo a Universitarios,Se clasifica en Apoyos sociales por fallback sobre desc_funcion ('Otros Asuntos Sociales').,funcion
L2-S123,Programa de Fortalecimiento Sectorial (PROFOSEC),Apoyos sociales,2,Apoyos sociales,Programa de Fortalecimiento Sectorial (PROFOSEC),Se clasifica en Apoyos sociales por fallback sobre desc_funcion ('Protección Social').,funcion
L2-F032,Promoción de la cultura física y deportiva,Cultura y deporte,2,Cultura y deporte,Promoción de la cultura física y deportiva,Se clasifica en Cultura y deporte por regla de palabra clave sobre el nombre del programa.,keyword
L2-D001,Servicio de la Deuda,Deuda,2,Deuda,Servicio de la Deuda,Pago de intereses y amortización de la deuda pública.,explicit
L2-E117,Mantenimiento de espacios públicos en alcaldías,Parques y espacios públicos,2,Parques y espacios públicos,Mantenimiento de espacios públicos en alcaldías,Se clasifica en Parques y espacios públicos por regla de palabra clave sobre el nombre del programa.,keyword
L2-E091,Operación y mantenimiento de la central de abastos,Apoyos sociales,2,Apoyos sociales,Operación y mantenimiento de la central de abastos,"Se clasifica en Apoyos sociales por fallback sobre desc_funcion ('Asuntos Económicos, Comerciales y Laborales en General').",funcion
L2-U026,Apoyos económicos y otras ayudas sociales,Apoyos sociales,2,Apoyos sociales,Apoyos económicos y otras ayudas sociales,Se clasifica en Apoyos sociales por fallback sobre desc_funcion ('Protección Social').,funcion
L2-G019,"Control, ordenamiento y sistematización del transporte",Transporte público,2,Transporte público,"Control, ordenamiento y sistematización del transporte",Se clasifica en Transporte público por fallback sobre desc_funcion ('Transporte').,funcion
L2-U007,Financiamiento para el acceso a la vivienda,Apoyos sociales,2,Apoyos sociales,Financiamiento para el acceso a la vivienda,Se clasifica en Apoyos sociales por regla de palabra clave sobre el nombre del programa.,keyword
L2-P056,Conducción de la Política Del Medio Ambiente,Medio ambiente,2,Medio ambiente,Política del Medio Ambiente,Conducción de la política ambiental de la CDMX.,explicit
L2-S233,Apoyo de Alimentación y Refugio para Personas Vulnerables,Apoyos sociales,2,Apoyos sociales,Alimentación y Refugio para Personas Vulnerables,Apoyo alimentario y refugios.,explicit
L2-K008,"Ampliación, Operación y Mantenimiento del Alumbrado Público",Alumbrado,2,Alumbrado,Alumbrado Público,"Ampliación, operación y mantenimiento de luminarias.",explicit
L2-E031,Prestación de servicios para los trámites de identidad y propiedad,Gobierno y administración,2,Gobierno y administración,Prestación de servicios para los trámites de identidad y propiedad,Se clasifica en Gobierno y administración por fallback sobre desc_funcion ('Otros Servicios Generales').,funcion
L2-P016,"Diseño e Instrumentación de Acciones en Materia de Competitividad, Emprendimiento, Competencia y Política Regulatoria",Otros,2,Otros,Competitividad y Competencia,Acciones en materia de competitividad y política regulatoria.,explicit
L2-S210,Programa uniformes y útiles escolares,Educación,2,Educación,Uniformes y Útiles Escolares,Entrega de uniformes y útiles a estudiantes.,explicit
L2-S181,Fondo para Emprendedores de Milpa Alta FONEMA,Apoyos sociales,2,Apoyos sociales,Fondo para Emprendedores de Milpa Alta FONEMA,"Se clasifica en Apoyos sociales por fallback sobre desc_funcion ('Asuntos Económicos, Comerciales y Laborales en General').",funcion
L2-D002,Devolución de ingresos percibidos indebidamente,Deuda,2,Deuda,Devolución de Ingresos Indebidos,Devolución de ingresos percibidos indebidamente.,explicit
L2-E134,Atención integral para el desarrollo infantil,Apoyos sociales,2,Apoyos sociales,Atención integral para el desarrollo infantil,Se clasifica en Apoyos sociales por fallback sobre desc_funcion ('Protección Social').,funcion
L2-S011,Coinversión para igualdad de la Ciudad de México,Justicia,2,Justicia,Coinversión para igualdad de la Ciudad de México,Se clasifica en Justicia por fallback sobre desc_funcion ('Justicia').,funcion
L2-P054,"Estudios de Desarrollo Económico, Social y Ambiental",Gobierno y administración,2,Gobierno y administración,Estudios de Desarrollo,"Estudios de desarrollo económico, social y ambiental.",explicit
L2-F035,Difusión y fomento de la cultura financiera en el sector público,Cultura y deporte,2,Cultura y deporte,Difusión y fomento de la cultura financiera en el sector público,Se clasifica en Cultura y deporte por regla de palabra clave sobre el nombre del programa.,keyword
L2-S219,Apoyo a personas con discapacidad permanente,Apoyos sociales,2,Apoyos sociales,Apoyo a personas con discapacidad permanente,Se clasifica en Apoyos sociales por fallback sobre desc_funcion ('Protección Social').,funcion
L2-F021,Divulgación de conocimiento científico tecnológico y de innovación,Educación,2,Educación,Divulgación de conocimiento científico tecnológico y de innovación,"Se clasifica en Educación por fallback sobre desc_funcion ('Ciencia, Tecnología e Innovación').",funcion
L2-E163,Servicios sociales para el Bienestar de la Infancia y la Adolescencia,Apoyos sociales,2,Apoyos sociales,Bienestar Infancia y Adolescencia,"Servicios sociales para niñas, niños y adolescentes.",explicit
L2-E090,Acciones para el Bienestar Animal,Parques y espacios públicos,2,Parques y espacios públicos,Bienestar Animal,Acciones para el bienestar animal.,explicit
L2-S111,Iztapalapa la más Deportiva,Cultura y deporte,2,Cultura y deporte,Iztapalapa la más Deportiva,Se clasifica en Cultura y deporte por regla de palabra clave sobre el nombre del programa.,keyword
L2-P045,Diseño integral de infraestructura peatonal y ciclista,Transporte público,2,Transporte público,Diseño integral de infraestructura peatonal y ciclista,Se clasifica en Transporte público por regla de palabra clave sobre el nombre del programa.,keyword
L2-E016,Atención integral y tratamiento de adicciones,Salud,2,Salud,Atención integral y tratamiento de adicciones,Se clasifica en Salud por fallback sobre desc_funcion ('Salud').,funcion
L2-E118,Acciones policiales y prevención del delito,Seguridad,2,Seguridad,Acciones policiales y prevención del delito,Se clasifica en Seguridad por regla de palabra clave sobre el nombre del programa.,keyword
L2-U039,Convenios para la Modernización de Sistemas de Movilidad y Transporte,Transporte público,2,Transporte público,Modernización de Sistemas de Movilidad,Convenios para modernizar sistemas de movilidad y transporte.,explicit
L2-E026,Formación de aspirantes a policías,Seguridad,2,Seguridad,Formación de Policías,Formación de aspirantes a policías.,explicit
L2-S023,"Fomento, Constitución y Fortalecimiento de las Empresas Sociales y Solidarias de la Ciudad de México (FOCOFESS)",Apoyos sociales,2,Apoyos sociales,FOCOFESS · Empresas Sociales,Fondo para empresas sociales y solidarias.,explicit
L2-U012,Asistencia social y servicios asistenciales,Calles y banquetas,2,Calles y banquetas,Asistencia social y servicios asistenciales,Se clasifica en Calles y banquetas por fallback sobre desc_funcion ('Vivienda y Servicios a la Comunidad').,funcion
L2-G076,Verificación Administrativa,Gobierno y administración,2,Gobierno y administración,Verificación Administrativa,Verificación administrativa.,explicit
L2-S133,Imagen Urbana para Cultivar Comunidad,Apoyos sociales,2,Apoyos sociales,Imagen Urbana para Cultivar Comunidad,Se clasifica en Apoyos sociales por regla de palabra clave sobre el nombre del programa.,keyword
L2-E162,Atención Integral para el Bienestar de los Adultos Mayores,Apoyos sociales,2,Apoyos sociales,Bienestar de Adultos Mayores,Atención integral para adultos mayores.,explicit
L2-S033,"Programa becas escolares para niñas y niños en condiciones de vulnerabilidad social (Más becas, mejor educación)",Educación,2,Educación,"Programa becas escolares para niñas y niños en condiciones de vulnerabilidad social (Más becas, mejor educación)",Se clasifica en Educación por regla de palabra clave sobre el nombre del programa.,keyword
L2-E042,"Operación y Mantenimiento del Transporte Público Masivo, Concesionado y Alterno",Transporte público,2,Transporte público,Transporte Público Masivo · Operación,"Metro, Metrobús, RTP, STE — operación completa del sistema masivo.",explicit
L2-S138,Cultivando actividades deportivas,Cultura y deporte,2,Cultura y deporte,Cultivando actividades deportivas,Se clasifica en Cultura y deporte por regla de palabra clave sobre el nombre del programa.,keyword
L2-E092,Operación y mantenimiento de mercados públicos,Apoyos sociales,2,Apoyos sociales,Operación y mantenimiento de mercados públicos,"Se clasifica en Apoyos sociales por fallback sobre desc_funcion ('Asuntos Económicos, Comerciales y Laborales en General').",funcion
L2-G002,Diseño urbano y regulación de los espacios públicos,Parques y espacios públicos,2,Parques y espacios públicos,Diseño urbano y regulación de los espacios públicos,Se clasifica en Parques y espacios públicos por regla de palabra clave sobre el nombre del programa.,keyword
L2-K023,Infraestructura Urbana,Calles y banquetas,2,Calles y banquetas,Infraestructura Urbana,"Programa grande de SOBSE — vialidades, banquetas, mobiliario urbano.",explicit
L2-E076,Servicios integrales a jubilados y pensionados,Apoyos sociales,2,Apoyos sociales,Servicios integrales a jubilados y pensionados,Se clasifica en Apoyos sociales por fallback sobre desc_funcion ('Protección Social').,funcion
L2-E093,Manejo Integral de Residuos Sólidos Urbanos,Basura y limpia,2,Basura y limpia,Manejo Integral de Residuos Sólidos,"Recolección, transferencia y tratamiento de basura.",explicit
L2-G011,"Acciones para el cumplimiento de las disposiciones mercantiles, jurídicas y administrativas",Gobierno y administración,2,Gobierno y administración,"Acciones para el cumplimiento de las disposiciones mercantiles, jurídicas y administrativas",Se clasifica en Gobierno y administración por regla de palabra clave sobre el nombre del programa.,keyword
L2-S129,Asesorías para el Examen de Ingreso a la Educación Media Superior,Educación,2,Educación,Asesorías para el Examen de Ingreso a la Educación Media Superior,Se clasifica en Educación por regla de palabra clave sobre el nombre del programa.,keyword
L2-K025,"Infraestructura de Drenaje, Alcantarillado y Saneamiento",Agua,2,Agua,Infraestructura de Drenaje,SACMEX — obra de drenaje y colectores.,explicit
L2-E001,Acceso a la justicia para las mujeres y niñas víctimas de violencia y discriminación de género,Justicia,2,Justicia,Acceso a la justicia para las mujeres y niñas víctimas de violencia y discriminación de género,Se clasifica en Justicia por regla de palabra clave sobre el nombre del programa.,keyword
L2-S074,Programa Mi beca para empezar,Educación,2,Educación,Programa Mi beca para empezar,Se clasifica en Educación por regla de palabra clave sobre el nombre del programa.,keyword
L2-E100,Capacitación a la Población Ocupada y Desocupada de la Ciudad de México,Apoyos sociales,2,Apoyos sociales,Capacitación para el Empleo,Capacitación a población ocupada y desocupada.,explicit
L2-O005,Promoción de la cultura a legalidad,Cultura y deporte,2,Cultura y deporte,Promoción de la cultura a legalidad,Se clasifica en Cultura y deporte por regla de palabra clave sobre el nombre del programa.,keyword
L2-E173,Atención Integral de la Salud para la Mujer,Salud,2,Salud,Salud para la Mujer,Atención integral de la salud para la mujer.,explicit
L2-F036,Operación y Funcionamiento de los Canales de Abasto de la Ciudad de México,Otros,2,Otros,Canales de Abasto,Operación de los canales de abasto de la CDMX.,explicit
L2-E172,Atención Medica de Segundo Nivel,Salud,2,Salud,Atención Médica de Segundo Nivel,Hospitales generales de la Secretaría de Salud CDMX.,explicit
L2-S126,"Comunidad Huehueyotl, apoyo a colectivos de personas adultas mayores",Apoyos sociales,2,Apoyos sociales,"Comunidad Huehueyotl, apoyo a colectivos de personas adultas mayores",Se clasifica en Apoyos sociales por regla de palabra clave sobre el nombre del programa.,keyword
L2-S121,Programa de Mejoramiento Sustentable en Suelo de Conservación de Milpa Alta,Apoyos sociales,2,Apoyos sociales,Programa de Mejoramiento Sustentable en Suelo de Conservación de Milpa Alta,"Se clasifica en Apoyos sociales por fallback sobre desc_funcion ('Asuntos Económicos, Comerciales y Laborales en General').",funcion
L2-S148,Animales de corral y de traspatio,Parques y espacios públicos,2,Parques y espacios públicos,Animales de corral y de traspatio,Se clasifica en Parques y espacios públicos por regla de palabra clave sobre el nombre del programa.,keyword
L2-E130,Operación de panteones públicos,Calles y banquetas,2,Calles y banquetas,Operación de panteones públicos,Se clasifica en Calles y banquetas por fallback sobre desc_funcion ('Vivienda y Servicios a la Comunidad').,funcion
L2-S230,Programa para Enfermedades Crónico-Degenerativas y Discapacidad,Salud,2,Salud,Enfermedades Crónico-Degenerativas,Programa para enfermedades crónicas y discapacidad.,explicit
L2-U024,Seamos mejores estudiantes,Apoyos sociales,2,Apoyos sociales,Seamos mejores estudiantes,Se clasifica en Apoyos sociales por fallback sobre desc_funcion ('Protección Social').,funcion
L2-S122,Programa integral de apoyo a los productores de nopal PIAPRON,Apoyos sociales,2,Apoyos sociales,Programa integral de apoyo a los productores de nopal PIAPRON,Se clasifica en Apoyos sociales por fallback sobre desc_funcion ('Otros Asuntos Sociales').,funcion
L2-U047,Acciones del Concejo Ciudadano para la Seguridad y Justicia,Seguridad,2,Seguridad,Concejo Ciudadano,Acciones del Consejo Ciudadano para la Seguridad y Justicia.,explicit
L2-S147,Ayuda económica para promover el deporte competitivo en jóvenes,Cultura y deporte,2,Cultura y deporte,Ayuda económica para promover el deporte competitivo en jóvenes,Se clasifica en Cultura y deporte por regla de palabra clave sobre el nombre del programa.,keyword
L2-E034,Mantenimiento de espacios públicos,Parques y espacios públicos,2,Parques y espacios públicos,Mantenimiento de espacios públicos,Se clasifica en Parques y espacios públicos por regla de palabra clave sobre el nombre del programa.,keyword
L2-P001,Promoción integral para el cumplimiento de los derechos humanos de las niñas y mujeres,Apoyos sociales,2,Apoyos sociales,Promoción integral para el cumplimiento de los derechos humanos de las niñas y mujeres,Se clasifica en Apoyos sociales por regla de palabra clave sobre el nombre del programa.,keyword
L2-E115,Atención y prevención de la violencia contra las mujeres,Apoyos sociales,2,Apoyos sociales,Atención y prevención de la violencia contra las mujeres,Se clasifica en Apoyos sociales por regla de palabra clave sobre el nombre del programa.,keyword
L2-S135,Unidad-Es Tlalpan,Calles y banquetas,2,Calles y banquetas,Unidad-Es Tlalpan,Se clasifica en Calles y banquetas por fallback sobre desc_funcion ('Vivienda y Servicios a la Comunidad').,funcion
L2-N004,Prevención y combate de incendios,Seguridad,2,Seguridad,Prevención y combate de incendios,Se clasifica en Seguridad por fallback sobre desc_funcion ('Asuntos de Orden Público y de Seguridad Interior').,funcion
L2-E156,Programa de movilidad activa,Transporte público,2,Transporte público,Programa de movilidad activa,Se clasifica en Transporte público por regla de palabra clave sobre el nombre del programa.,keyword
L2-S136,Jóvenes Cultivando la Movilidad,Transporte público,2,Transporte público,Jóvenes Cultivando la Movilidad,Se clasifica en Transporte público por regla de palabra clave sobre el nombre del programa.,keyword
L2-U032,Apoyo a Personas que Perdieron algún Familiar en el Sismo del 19 de septiembre de 2017,Apoyos sociales,2,Apoyos sociales,Sismo 2017 · Apoyos a Familiares,Apoyos a personas que perdieron familiares en el sismo de 2017.,explicit
L2-E054,Protección y vigilancia del sector público y privado,Seguridad,2,Seguridad,Protección y vigilancia del sector público y privado,Se clasifica en Seguridad por fallback sobre desc_funcion ('Asuntos de Orden Público y de Seguridad Interior').,funcion
L2-P055,Coordinación General de Gobierno,Gobierno y administración,2,Gobierno y administración,Coordinación General de Gobierno,Coordinación general del gobierno de la ciudad.,explicit
L2-F013,"Operación de centros culturales, museos, teatros y espacios para el arte y cultura",Cultura y deporte,2,Cultura y deporte,"Operación de centros culturales, museos, teatros y espacios para el arte y cultura",Se clasifica en Cultura y deporte por regla de palabra clave sobre el nombre del programa.,keyword
L2-E005,Acciones para Mejorar la Gobernanza Digital,Gobierno y administración,2,Gobierno y administración,Gobernanza Digital,Acciones para mejorar la gobernanza digital.,explicit
L2-J001,Pago de Pensiones y Jubilaciones,Gobierno y administración,2,Gobierno y administración,Pensiones y Jubilaciones,Pago de pensiones a ex-trabajadores del gobierno de la ciudad.,explicit
L2-E175,Fortalecimiento de la Cultura y las Artes,Cultura y deporte,2,Cultura y deporte,Cultura y Artes,Fortalecimiento de la cultura y las artes.,explicit
L2-O007,Mejora de la Función Pública para el Buen Gobierno,Gobierno y administración,2,Gobierno y administración,Mejora de la Función Pública,Mejora de la función pública.,explicit
L2-U044,"Asistencia, atención e inclusión para niñas, niños, adolescentes y jóvenes familiares de las personas sensiblemente afectadas en la línea 12 del sistema de transporte colectivo (STC Metro)",Apoyos sociales,2,Apoyos sociales,Línea 12 Metro · Familiares de Víctimas,Asistencia a familias de víctimas del incidente de la Línea 12 (mayo 2021).,explicit
L2-P023,Planeación y gestión del ordenamiento territorial y asentamientos humanos,Gobierno y administración,2,Gobierno y administración,Planeación y gestión del ordenamiento territorial y asentamientos humanos,Se clasifica en Gobierno y administración por regla de palabra clave sobre el nombre del programa.,keyword
L2-E161,Servidores de la Ciudad,Apoyos sociales,2,Apoyos sociales,Servidores de la Ciudad,Servidores de la Ciudad — atención comunitaria puerta a puerta.,explicit
L2-U031,Ayudas a Cooperativas,Apoyos sociales,2,Apoyos sociales,Ayudas a Cooperativas,Se clasifica en Apoyos sociales por fallback sobre desc_funcion ('Protección Social').,funcion
L2-G022,"Acciones para el cumplimiento de las disposiciones mercantiles, jurídicas y administrativas en alcaldías",Gobierno y administración,2,Gobierno y administración,"Acciones para el cumplimiento de las disposiciones mercantiles, jurídicas y administrativas en alcaldías",Se clasifica en Gobierno y administración por regla de palabra clave sobre el nombre del programa.,keyword
L2-S097,"Apoyo económico a personas no asalariadas que por motivo de secuelas de enfermedades crónico degenerativas no transmisibles y/o terminales, estén imposibilitadas de trabajar y residan en la alcaldía Cuauhtémoc",Salud,2,Salud,"Apoyo económico a personas no asalariadas que por motivo de secuelas de enfermedades crónico degenerativas no transmisibles y/o terminales, estén imposibilitadas de trabajar y residan en la alcaldía Cuauhtémoc",Se clasifica en Salud por regla de palabra clave sobre el nombre del programa.,keyword
L2-S144,Alimentos A Centros de Desarrollo Infantil,Apoyos sociales,2,Apoyos sociales,Alimentos A Centros de Desarrollo Infantil,Se clasifica en Apoyos sociales por fallback sobre desc_funcion ('Protección Social').,funcion
L2-E179,Desarrollo de Los Pueblos y Barrios Originarios y Comunidades Indígenas Residentes,Apoyos sociales,2,Apoyos sociales,Desarrollo de Pueblos y Barrios,Desarrollo de pueblos y barrios originarios.,explicit
L2-E164,Servicios de Protección Infantil y Adolescente,Apoyos sociales,2,Apoyos sociales,Protección Infantil y Adolescente,Defensoría y protección de menores.,explicit
L2-E122,Reforestación en suelo de conservación,Medio ambiente,2,Medio ambiente,Reforestación en suelo de conservación,Se clasifica en Medio ambiente por fallback sobre desc_funcion ('Protección Ambiental').,funcion
L2-S119,Aliméntate Bien,Apoyos sociales,2,Apoyos sociales,Aliméntate Bien,Se clasifica en Apoyos sociales por fallback sobre desc_funcion ('Protección Social').,funcion
L2-S218,Apoyo a jefas de familia,Apoyos sociales,2,Apoyos sociales,Apoyo a jefas de familia,Se clasifica en Apoyos sociales por fallback sobre desc_funcion ('Protección Social').,funcion
L2-E196,Servicios Integrales de Movilidad para Ciclistas y Peatones,Transporte público,2,Transporte público,Ciclistas y Peatones · Movilidad,"Ciclovías, ciclismo urbano y seguridad peatonal.",explicit
L2-P027,Políticas para la Prevención y Combate a la Discriminación,Apoyos sociales,2,Apoyos sociales,Prevención de la Discriminación,Políticas para prevenir la discriminación.,explicit
L2-P002,Promoción integral para el cumplimiento de los derechos humanos,Justicia,2,Justicia,Promoción integral para el cumplimiento de los derechos humanos,Se clasifica en Justicia por fallback sobre desc_funcion ('Justicia').,funcion
L2-N001,Cumplimiento de los Programas de Protección Civil,Seguridad,2,Seguridad,Protección Civil,Cumplimiento de los programas de Protección Civil.,explicit
L2-0000,Órganos autónomos y de gobierno,Justicia,2,Justicia,Órganos autónomos y de gobierno,Se clasifica en Justicia por fallback sobre desc_funcion ('Justicia').,funcion
L2-S116,"Apoyo a la formación artística de niñas, niños y adolescentes",Apoyos sociales,2,Apoyos sociales,"Apoyo a la formación artística de niñas, niños y adolescentes",Se clasifica en Apoyos sociales por regla de palabra clave sobre el nombre del programa.,keyword
L2-G010,Recuperación óptima de los créditos,Gobierno y administración,2,Gobierno y administración,Recuperación de Créditos Fiscales,Recuperación óptima de los créditos.,explicit
L2-S016,Educación para la autonomía económica en PILARES,Educación,2,Educación,Educación para la autonomía económica en PILARES,Se clasifica en Educación por regla de palabra clave sobre el nombre del programa.,keyword
L2-U034,Programa de apoyo para implementar y ejecutar acciones de prevención de la violencia contra las mujeres,Apoyos sociales,2,Apoyos sociales,Programa de apoyo para implementar y ejecutar acciones de prevención de la violencia contra las mujeres,Se clasifica en Apoyos sociales por regla de palabra clave sobre el nombre del programa.,keyword
L2-E182,Programas y Eventos Deportivos,Cultura y deporte,2,Cultura y deporte,Programas Deportivos,Programas y eventos deportivos.,explicit
L2-S182,Apoyo a Estancias Infantiles,Apoyos sociales,2,Apoyos sociales,Apoyo a Estancias Infantiles,Se clasifica en Apoyos sociales por fallback sobre desc_funcion ('Protección Social').,funcion
L2-E070,Conservación y mantenimiento menor de inmuebles y equipos,Salud,2,Salud,Conservación y mantenimiento menor de inmuebles y equipos,Se clasifica en Salud por fallback sobre desc_funcion ('Salud').,funcion
L2-S110,"Sistema Público de Cuidado, Alcaldía de Iztapalapa",Apoyos sociales,2,Apoyos sociales,"Sistema Público de Cuidado, Alcaldía de Iztapalapa",Se clasifica en Apoyos sociales por fallback sobre desc_funcion ('Otros Asuntos Sociales').,funcion
L2-F027,Promoción y fortalecimiento de la participación ciudadana en alcaldías,Gobierno y administración,2,Gobierno y administración,Promoción y fortalecimiento de la participación ciudadana en alcaldías,Se clasifica en Gobierno y administración por fallback sobre desc_funcion ('Coordinación de la Política de Gobierno').,funcion
L2-E004,Prevención de cáncer de mama y cervicouterino,Salud,2,Salud,Prevención de cáncer de mama y cervicouterino,Se clasifica en Salud por fallback sobre desc_funcion ('Salud').,funcion
L2-U011,Programa para la reconstrucción,Gobierno y administración,2,Gobierno y administración,Programa para la reconstrucción,Se clasifica en Gobierno y administración por fallback sobre desc_funcion ('Coordinación de la Política de Gobierno').,funcion
L2-E168,Sistema Penitenciario,Justicia,2,Justicia,Sistema Penitenciario,Operación y vigilancia del sistema penitenciario de la CDMX.,explicit
L2-P053,"Operación y seguimiento de los sistemas de información, indicadores y del monitoreo",Gobierno y administración,2,Gobierno y administración,"Operación y seguimiento de los sistemas de información, indicadores y del monitoreo",Se clasifica en Gobierno y administración por fallback sobre desc_funcion ('Coordinación de la Política de Gobierno').,funcion
L2-F001,Alianza para la preservación del patrimonio cultural de la Ciudad de México,Cultura y deporte,2,Cultura y deporte,Alianza para la preservación del patrimonio cultural de la Ciudad de México,Se clasifica en Cultura y deporte por regla de palabra clave sobre el nombre del programa.,keyword
L2-U042,Apoyos y Estímulos Deportivos para el Bienestar,Cultura y deporte,2,Cultura y deporte,Estímulos Deportivos,Apoyos y estímulos deportivos para el bienestar.,explicit
L2-S113,En comunidad la familia es primero,Apoyos sociales,2,Apoyos sociales,En comunidad la familia es primero,Se clasifica en Apoyos sociales por regla de palabra clave sobre el nombre del programa.,keyword
L2-E171,Prestación de Servicios Jurídicos en el Ámbito Publico,Justicia,2,Justicia,Servicios Jurídicos Públicos,Prestación de servicios jurídicos en el ámbito público.,explicit
L2-S146,"Ayuda a personas de escasos recursos y para tratamientos médicos de enfermedades crónico-degenerativas, terminales y discapacidades",Salud,2,Salud,"Ayuda a personas de escasos recursos y para tratamientos médicos de enfermedades crónico-degenerativas, terminales y discapacidades",Se clasifica en Salud por regla de palabra clave sobre el nombre del programa.,keyword
L2-U043,Va Segur@,Seguridad,2,Seguridad,Va Segur@ · Seguro Escolar,Seguro contra accidentes personales de escolares. Opera la SSC.,explicit
L2-P014,Diseño de la Política de Egresos,Gobierno y administración,2,Gobierno y administración,Diseño de la Política de Egresos,Diseño del presupuesto de egresos.,explicit
L2-P022,Planeación de Políticas Públicas para Mejorar la Atención de las Adicciones,Salud,2,Salud,Atención a las Adicciones,Planeación de políticas públicas para adicciones.,explicit
L2-K017,Acciones de obras y servicios para la regeneración de barrios,Gobierno y administración,2,Gobierno y administración,Acciones de obras y servicios para la regeneración de barrios,Se clasifica en Gobierno y administración por fallback sobre desc_funcion ('Coordinación de la Política de Gobierno').,funcion
L2-K024,Infraestructura de Agua Potable,Agua,2,Agua,Infraestructura de Agua Potable,"SACMEX — obra nueva: pozos, plantas potabilizadoras, redes.",explicit
L2-S071,Servidores de la Ciudad (SERCDMX),Apoyos sociales,2,Apoyos sociales,Servidores de la Ciudad (SERCDMX),Se clasifica en Apoyos sociales por fallback sobre desc_funcion ('Otros Asuntos Sociales').,funcion
L2-K014,"Infraestructura de agua potable, alcantarillado y saneamiento",Agua,2,Agua,"Infraestructura de agua potable, alcantarillado y saneamiento",Se clasifica en Agua por regla de palabra clave sobre el nombre del programa.,keyword
L2-S145,Apoyo Económico a Personas Que Prestan sus Inmuebles Como Espacios para Centros de Desarrollo Infantil,Apoyos sociales,2,Apoyos sociales,Apoyo Económico a Personas Que Prestan sus Inmuebles Como Espacios para Centros de Desarrollo Infantil,Se clasifica en Apoyos sociales por fallback sobre desc_funcion ('Protección Social').,funcion
L2-K003,"Infraestructura de agua potable, alcantarillado y saneamiento",Agua,2,Agua,"Infraestructura de agua potable, alcantarillado y saneamiento",Se clasifica en Agua por regla de palabra clave sobre el nombre del programa.,keyword
L2-E068,Prevención y atención a menores infractores,Apoyos sociales,2,Apoyos sociales,Prevención y atención a menores infractores,Se clasifica en Apoyos sociales por fallback sobre desc_funcion ('Protección Social').,funcion
L2-E044,Prestación de servicios para las cajas de previsión,Apoyos sociales,2,Apoyos sociales,Prestación de servicios para las cajas de previsión,Se clasifica en Apoyos sociales por fallback sobre desc_funcion ('Protección Social').,funcion
L2-P047,Planeación de la política de turismo en las alcaldías,Gobierno y administración,2,Gobierno y administración,Planeación de la política de turismo en las alcaldías,Se clasifica en Gobierno y administración por regla de palabra clave sobre el nombre del programa.,keyword
L2-P051,Política del Sistema de Planeación del Desarrollo y Ordenamiento Territorial,Gobierno y administración,2,Gobierno y administración,Sistema de Planeación,Política del sistema de planeación del desarrollo.,explicit
L2-S039,Programa de becas del instituto de educación media superior de la Ciudad de México,Educación,2,Educación,Programa de becas del instituto de educación media superior de la Ciudad de México,Se clasifica en Educación por regla de palabra clave sobre el nombre del programa.,keyword
L2-S057,Talleres de artes y oficios comunitarios,Cultura y deporte,2,Cultura y deporte,Talleres de Artes y Oficios,Talleres de artes y oficios comunitarios.,explicit
L2-F016,Promoción y fortalecimiento de la participación ciudadana,Apoyos sociales,2,Apoyos sociales,Promoción y fortalecimiento de la participación ciudadana,Se clasifica en Apoyos sociales por fallback sobre desc_funcion ('Otros Asuntos Sociales').,funcion
L2-E192,Gestión del Patrimonio Inmobiliario de la Ciudad de México,Gobierno y administración,2,Gobierno y administración,Patrimonio Inmobiliario,Gestión del patrimonio inmobiliario de la ciudad.,explicit
L2-E059,Representación y defensa del gobierno en materia fiscal y hacendaria,Gobierno y administración,2,Gobierno y administración,Representación y defensa del gobierno en materia fiscal y hacendaria,Se clasifica en Gobierno y administración por fallback sobre desc_funcion ('Asuntos Financieros y Hacendarios').,funcion
L2-E012,Atención medica,Salud,2,Salud,Atención medica,Se clasifica en Salud por fallback sobre desc_funcion ('Salud').,funcion
L2-E128,Mantenimiento y rehabilitación de áreas verdes,Calles y banquetas,2,Calles y banquetas,Mantenimiento y rehabilitación de áreas verdes,Se clasifica en Calles y banquetas por fallback sobre desc_funcion ('Vivienda y Servicios a la Comunidad').,funcion
L2-S107,Mujeres Estudiando en la Alcaldía de Iztapalapa,Apoyos sociales,2,Apoyos sociales,Mujeres Estudiando en la Alcaldía de Iztapalapa,Se clasifica en Apoyos sociales por regla de palabra clave sobre el nombre del programa.,keyword
L2-P046,Planeación integral de las políticas públicas de la Alcaldía,Gobierno y administración,2,Gobierno y administración,Planeación integral de las políticas públicas de la Alcaldía,Se clasifica en Gobierno y administración por regla de palabra clave sobre el nombre del programa.,keyword
L2-E072,Preservación y cuidado del patrimonio material e inmaterial,Gobierno y administración,2,Gobierno y administración,Preservación y cuidado del patrimonio material e inmaterial,Se clasifica en Gobierno y administración por regla de palabra clave sobre el nombre del programa.,keyword
L2-E154,"Acceso a la Justicia Ambiental, Urbana y de Protección y Bienestar Animal",Medio ambiente,2,Medio ambiente,Justicia Ambiental,"Acceso a la justicia ambiental, urbana y bienestar animal.",explicit
L2-S073,Beca pilares,Educación,2,Educación,Beca pilares,Se clasifica en Educación por regla de palabra clave sobre el nombre del programa.,keyword
L2-E018,Atención veterinaria,Salud,2,Salud,Atención veterinaria,Se clasifica en Salud por fallback sobre desc_funcion ('Salud').,funcion
L2-P041,"Planeación, elaboración, seguimiento y evaluación de las políticas públicas y normatividad en materia de desarrollo económico, social y ambiental",Medio ambiente,2,Medio ambiente,"Planeación, elaboración, seguimiento y evaluación de las políticas públicas y normatividad en materia de desarrollo económico, social y ambiental",Se clasifica en Medio ambiente por regla de palabra clave sobre el nombre del programa.,keyword
L2-F033,Proyectos de desarrollo y fomento agropecuario,Medio ambiente,2,Medio ambiente,Proyectos de desarrollo y fomento agropecuario,"Se clasifica en Medio ambiente por fallback sobre desc_funcion ('Agropecuaria, Silvicultura, Pesca y Caza').",funcion
L2-U027,Convenios con Casas Hogar de Niñas y Niños,Apoyos sociales,2,Apoyos sociales,Convenios con Casas Hogar de Niñas y Niños,Se clasifica en Apoyos sociales por regla de palabra clave sobre el nombre del programa.,keyword
L2-S130,Educarnos en Comunidad para el Bienestar Social,Apoyos sociales,2,Apoyos sociales,Educarnos en Comunidad para el Bienestar Social,Se clasifica en Apoyos sociales por regla de palabra clave sobre el nombre del programa.,keyword
L2-F034,Fortalecimiento de Competencias en Energía Solar,Otros,2,Otros,Energía Solar,Fortalecimiento de competencias en energía solar.,explicit
L2-E188,"Educación, Cultura, Deporte y Recreación",Cultura y deporte,2,Cultura y deporte,"Educación, Cultura, Deporte y Recreación (Alcaldías)",Recursos en alcaldías para deporte y cultura comunitarios.,explicit
L2-G072,Investigación y seguimiento de delitos financieros,Gobierno y administración,2,Gobierno y administración,Investigación y seguimiento de delitos financieros,Se clasifica en Gobierno y administración por fallback sobre desc_funcion ('Asuntos Financieros y Hacendarios').,funcion
L2-E081,Servicios integrales de asistencia social,Apoyos sociales,2,Apoyos sociales,Asistencia Social Integral,Servicios integrales de asistencia social.,explicit
L2-G013,Inspección y vigilancia medioambiental,Medio ambiente,2,Medio ambiente,Inspección Medioambiental,PAOT — inspección y vigilancia medioambiental.,explicit
L2-S050,Promoción de actividades culturales y recreativas,Cultura y deporte,2,Cultura y deporte,Promoción de actividades culturales y recreativas,Se clasifica en Cultura y deporte por regla de palabra clave sobre el nombre del programa.,keyword
L2-S051,Promotores culturales Ciudad de México,Cultura y deporte,2,Cultura y deporte,Promotores Culturales,Programa de promotores culturales comunitarios.,explicit
L2-S072,Atención integral al adulto mayor,Apoyos sociales,2,Apoyos sociales,Atención integral al adulto mayor,Se clasifica en Apoyos sociales por regla de palabra clave sobre el nombre del programa.,keyword
L2-S034,Programa Sistemas de Captación de Agua de Lluvia en Viviendas de la Ciudad de México,Agua,2,Agua,Cosecha de Lluvia,Sistemas de captación de agua pluvial en hogares.,explicit
